id,timestamp,acc_x,acc_y,acc_z,gyro_x,gyro_y,gyro_z
2.0,2024-05-10 14:38:44.239030528,0.33,-0.16,0.04,-13.73,-114.99000000000001,362.73
2.0,2024-05-10 14:38:44.244876544,0.33,-0.16,0.04,-13.73,-114.99,362.73
2.0,2024-05-10 14:38:44.254921216,0.3377647058823529,-0.15223529411764705,-0.17741176470588235,-13.111882352941178,-103.53015686274509,378.1568235294118
2.0,2024-05-10 14:38:44.265309696,0.35,-0.14,-0.52,-11.6,-75.5,415.89
2.0,2024-05-10 14:38:44.275303424,0.35,-0.14,-0.52,-11.6,-75.5,415.89
2.0,2024-05-10 14:38:44.284937472,0.35,-0.14,-0.52,-11.6,-75.5,415.89
2.0,2024-05-10 14:38:44.294557696,1.186260162601626,0.10666666666666667,-0.18308943089430893,25.57,-165.25,394.53000000000003
2.0,2024-05-10 14:38:44.305209088,1.74,0.27,0.04,62.74,-255.0,373.17
2.0,2024-05-10 14:38:44.314911488,1.7399999999999998,0.27,0.04,62.74,-255.0,373.17
2.0,2024-05-10 14:38:44.324560640,1.74,0.27,0.04,62.74,-255.0,373.17
2.0,2024-05-10 14:38:44.335106560,1.74,0.27,0.04,62.74,-255.0,373.17
2.0,2024-05-10 14:38:44.345359360,1.74,0.27,0.04,62.74,-255.0,373.17
2.0,2024-05-10 14:38:44.355049984,1.6501321585903084,0.2655066079295154,-0.09030837004405286,39.239999999999995,-186.45154185022025,378.7625110132158
2.0,2024-05-10 14:38:44.365025280,1.34,0.25,-0.54,-43.95,56.21,398.56
2.0,2024-05-10 14:38:44.375187968,2.3855696202531647,-0.12215189873417723,-0.42481012658227846,-16.527130801687765,-211.65253164556964,333.27037974683543
2.0,2024-05-10 14:38:44.384836608,2.5199999999999996,-0.17,-0.41,-8.24,-292.6,313.54
2.0,2024-05-10 14:38:44.394650112,2.52,-0.17,-0.41,-8.24,-292.6,313.54
2.0,2024-05-10 14:38:44.404717824,2.5200000000000005,-0.17,-0.41,-8.24,-292.6,313.54
2.0,2024-05-10 14:38:44.414837760,2.01618320610687,-0.055801526717557254,-0.14801526717557253,-42.35175572519084,-143.76580152671755,371.183358778626
2.0,2024-05-10 14:38:44.425448960,1.7700000000000002,0.0,-0.02,-59.02,-71.04,399.35
2.0,2024-05-10 14:38:44.435053312,1.77,0.0,-0.019999999999999997,-59.02,-71.04,399.35
2.0,2024-05-10 14:38:44.444440576,1.7700000000000002,0.0,-0.02,-59.02,-71.04,399.35
2.0,2024-05-10 14:38:44.454900736,1.6886046511627908,-0.07945736434108527,-0.03356589147286822,-18.76213178294574,-69.6839534883721,387.99073643410856
2.0,2024-05-10 14:38:44.465192960,1.35,-0.41,-0.09,152.95,-63.9,339.54
2.0,2024-05-10 14:38:44.474900992,1.3500000000000003,-0.41,-0.09,152.94999999999996,-63.9,339.54
2.0,2024-05-10 14:38:44.484863232,1.423529411764706,-0.4531372549019608,-0.1331372549019608,152.89686274509802,-63.547215686274505,340.1141960784314
2.0,2024-05-10 14:38:44.495019008,2.1,-0.85,-0.53,139.4,26.06,485.96
2.0,2024-05-10 14:38:44.504635648,2.1,-0.85,-0.53,139.4,26.06,485.96
2.0,2024-05-10 14:38:44.514712576,2.1,-0.85,-0.53,139.4,26.06,485.96
2.0,2024-05-10 14:38:44.525287168,2.118964143426295,-0.7321513944223107,-0.5611553784860558,136.70573705179282,19.62844621513944,469.0277290836653
2.0,2024-05-10 14:38:44.535541760,2.24,0.02,-0.76,119.51,-21.42,360.96
2.0,2024-05-10 14:38:44.545171200,2.24,0.02,-0.76,119.51,-21.42,360.96
2.0,2024-05-10 14:38:44.555319808,2.2399999999999998,0.02,-0.76,119.51,-21.419999999999998,360.96
2.0,2024-05-10 14:38:44.565231104,2.2030630630630634,-0.07603603603603604,-0.6233333333333333,80.92504504504505,-7.081351351351352,304.9614414414415
2.0,2024-05-10 14:38:44.574925056,2.14,-0.24,-0.39,-42.11,38.64,126.4
2.0,2024-05-10 14:38:44.584731392,2.14,-0.24,-0.39,-42.11,38.64,126.4
2.0,2024-05-10 14:38:44.594550528,2.14,-0.24,-0.39000000000000007,-42.11,38.64,126.4
2.0,2024-05-10 14:38:44.604871680,1.8577235772357723,-0.24,-0.3345528455284553,-16.23479674796748,18.676666666666666,87.5290243902439
2.0,2024-05-10 14:38:44.615162880,1.5800000000000003,-0.23999999999999996,-0.28,17.94,-7.6899999999999995,36.18999999999999
2.0,2024-05-10 14:38:44.625073408,1.58,-0.24,-0.28,17.94,-7.69,36.19
2.0,2024-05-10 14:38:44.635183360,1.58,-0.24,-0.28,17.94,-7.690000000000001,36.19
2.0,2024-05-10 14:38:44.645083904,1.6746382978723404,-0.2163404255319149,-0.21493617021276598,8.764340425531916,18.520382978723404,27.505531914893613
2.0,2024-05-10 14:38:44.655315968,1.74,-0.2,-0.17000000000000004,-0.18,44.07,19.04
2.0,2024-05-10 14:38:44.665227264,1.74,-0.2,-0.17,-0.18,44.07,19.04
2.0,2024-05-10 14:38:44.675026688,1.657857142857143,-0.1565126050420168,-0.31012605042016805,10.313109243697479,44.36840336134454,-4.06621848739496
2.0,2024-05-10 14:38:44.684864512,1.57,-0.11,-0.4600000000000001,23.38,44.74,-32.84
2.0,2024-05-10 14:38:44.694777600,1.57,-0.11,-0.46,23.38,44.74,-32.84
2.0,2024-05-10 14:38:44.705123328,1.57,-0.11,-0.46,23.38,44.74,-32.84
2.0,2024-05-10 14:38:44.715155712,1.5967469879518073,-0.11742971887550202,-0.430281124497992,22.373734939759036,36.80698795180723,-46.076144578313254
2.0,2024-05-10 14:38:44.725407232,1.75,-0.16,-0.26,16.42,-10.13,-124.39
2.0,2024-05-10 14:38:44.735278848,1.75,-0.16,-0.26,16.42,-10.13,-124.39
2.0,2024-05-10 14:38:44.745007872,1.75,-0.15999999999999998,-0.26,16.42,-10.13,-124.39
2.0,2024-05-10 14:38:44.754941440,1.752857142857143,-0.16199999999999998,-0.2628571428571429,15.145061224489798,-8.385591836734696,-125.12102040816328
2.0,2024-05-10 14:38:44.765212416,1.85,-0.23,-0.36,-35.64,61.1,-154.24
2.0,2024-05-10 14:38:44.774738176,1.85,-0.23,-0.36,-35.64,61.1,-154.24
2.0,2024-05-10 14:38:44.785219072,1.85,-0.23,-0.36,-35.64,61.1,-154.24
2.0,2024-05-10 14:38:44.794970624,1.9398230088495576,-0.2877433628318584,-0.2765929203539823,-47.230088495575224,51.84194690265487,-213.03787610619472
2.0,2024-05-10 14:38:44.804774400,1.9899999999999998,-0.32,-0.23,-53.83,46.57,-246.52
2.0,2024-05-10 14:38:44.814807040,1.99,-0.32,-0.23,-53.83,46.57,-246.52
2.0,2024-05-10 14:38:44.824659456,1.99,-0.32,-0.23,-53.83,46.57,-246.52
2.0,2024-05-10 14:38:44.834849792,1.979504132231405,-0.4302066115702479,-0.18801652892561985,-39.56388429752066,63.507107438016526,-264.6338016528926
2.0,2024-05-10 14:38:44.844898816,1.97,-0.53,-0.15,-26.43,79.1,-281.31
2.0,2024-05-10 14:38:44.854835712,1.97,-0.53,-0.15,-26.43,79.1,-281.31
2.0,2024-05-10 14:38:44.865052928,1.9699230769230767,-0.5295384615384615,-0.151,-26.437038461538464,79.10492307692307,-281.5182307692308
2.0,2024-05-10 14:38:44.875078912,1.96,-0.47,-0.28,-28.26,80.38000000000001,-335.45
2.0,2024-05-10 14:38:44.884603392,1.96,-0.47,-0.28,-28.26,80.38,-335.45
2.0,2024-05-10 14:38:44.894677760,1.96,-0.47,-0.28,-28.26,80.38,-335.45
2.0,2024-05-10 14:38:44.904945664,1.9634562211981565,-0.458479262672811,-0.27308755760368664,-24.74294930875576,78.0242396313364,-340.7012442396313
2.0,2024-05-10 14:38:44.915250944,1.99,-0.37,-0.22,3.54,59.08,-382.93
2.0,2024-05-10 14:38:44.924790016,1.9900000000000002,-0.37,-0.21999999999999997,3.54,59.08,-382.92999999999995
2.0,2024-05-10 14:38:44.934627840,1.9162857142857144,-0.40276190476190477,-0.20361904761904762,0.6680476190476191,59.449,-389.71061904761905
2.0,2024-05-10 14:38:44.944729600,1.81,-0.45,-0.18,-11.17,60.97,-417.66
2.0,2024-05-10 14:38:44.954818048,1.81,-0.45,-0.18,-11.17,60.97,-417.66
2.0,2024-05-10 14:38:44.964954624,1.81,-0.45,-0.18,-11.17,60.97,-417.66
2.0,2024-05-10 14:38:44.975197696,1.627820512820513,-0.2992307692307692,-0.18,-10.42705128205128,68.87448717948718,-419.51940170940173
2.0,2024-05-10 14:38:44.984902144,1.52,-0.20999999999999996,-0.18000000000000002,-9.34,80.44,-422.24
2.0,2024-05-10 14:38:44.994901760,1.52,-0.21,-0.18,-9.34,80.44,-422.24
2.0,2024-05-10 14:38:45.004925696,1.52,-0.21,-0.18,-9.34,80.44,-422.24
2.0,2024-05-10 14:38:45.015014912,1.3435294117647059,-0.23205882352941176,-0.15794117647058822,-2.6068067226890754,60.056596638655456,-453.11184873949577
2.0,2024-05-10 14:38:45.025088000,1.28,-0.23999999999999996,-0.15,3.48,41.63,-481.02
2.0,2024-05-10 14:38:45.035275264,1.28,-0.24,-0.15,3.48,41.63,-481.02
2.0,2024-05-10 14:38:45.045061632,1.28,-0.24,-0.15,3.48,41.63,-481.02
2.0,2024-05-10 14:38:45.054826752,1.031948051948052,-0.3226839826839827,0.10632034632034633,-13.612857142857141,78.2942857142857,-447.1842857142857
2.0,2024-05-10 14:38:45.065007616,0.98,-0.34,0.16,-20.45,92.96,-433.65
2.0,2024-05-10 14:38:45.074628864,0.98,-0.34,0.16,-20.45,92.96,-433.65
2.0,2024-05-10 14:38:45.084974336,0.98,-0.34,0.16,-20.45,92.96,-433.65
2.0,2024-05-10 14:38:45.094909440,0.6030769230769231,-0.2344615384615385,-0.18676923076923077,-63.860666666666674,183.62225641025643,-392.4330769230769
2.0,2024-05-10 14:38:45.104939776,0.48,-0.20000000000000004,-0.3,-78.43,214.05000000000004,-378.6000000000001
2.0,2024-05-10 14:38:45.114964736,0.48,-0.2,-0.3,-78.43,214.05,-378.6
2.0,2024-05-10 14:38:45.124972032,0.4069721115537848,-0.19438247011952195,-0.22884462151394422,-66.87430278884463,200.20490039840638,-379.85163346613547
2.0,2024-05-10 14:38:45.135208448,0.09,-0.17,0.08,53.41,56.09,-392.88
2.0,2024-05-10 14:38:45.145163264,0.09,-0.17,0.08,53.41,56.09,-392.88
2.0,2024-05-10 14:38:45.155021056,0.09,-0.17,0.08,53.410000000000004,56.089999999999996,-392.88
2.0,2024-05-10 14:38:45.164878336,-0.004655172413793111,-0.19892241379310346,0.05107758620689655,54.741379310344826,58.10413793103448,-389.07931034482755
2.0,2024-05-10 14:38:45.174916864,-0.27,-0.28,-0.03,66.28,75.56,-356.14
2.0,2024-05-10 14:38:45.185314048,-0.27,-0.28,-0.03,66.28,75.56,-356.14
2.0,2024-05-10 14:38:45.194660096,-0.27,-0.28,-0.03,66.28,75.56,-356.14
2.0,2024-05-10 14:38:45.204400640,-0.46088122605363985,-0.2547892720306513,-0.09122605363984675,52.84413793103448,84.17854406130269,-327.4210727969348
2.0,2024-05-10 14:38:45.214734848,-0.8,-0.21,-0.2,14.71,108.64,-245.91
2.0,2024-05-10 14:38:45.224479744,-0.8,-0.21,-0.2,14.71,108.64,-245.91
2.0,2024-05-10 14:38:45.235314432,-0.8,-0.21,-0.2,14.71,108.64,-245.91
2.0,2024-05-10 14:38:45.244787200,-1.0305418719211823,-0.3380788177339901,-0.3633004926108374,-10.401330049261082,134.06029556650248,-218.54763546798029
2.0,2024-05-10 14:38:45.254733568,-1.52,-0.61,-0.71,-64.94,189.27,-159.12
2.0,2024-05-10 14:38:45.265101056,-1.52,-0.61,-0.71,-64.94,189.27,-159.12
2.0,2024-05-10 14:38:45.275340288,-1.52,-0.61,-0.71,-64.94,189.27,-159.12
2.0,2024-05-10 14:38:45.285064704,-1.6062735849056602,-0.6641037735849056,-0.7524056603773585,-64.94,189.27000000000004,-159.12
2.0,2024-05-10 14:38:45.294766848,-2.11,-0.98,-1.0,-31.169629629629632,109.61074074074075,-50.297777777777775
2.0,2024-05-10 14:38:45.305013760,-2.11,-0.98,-1.0,-19.35,81.73,-12.21
2.0,2024-05-10 14:38:45.315306240,-2.11,-0.98,-1.0,-19.350000000000005,81.73,-12.21
2.0,2024-05-10 14:38:45.325467392,-1.326,-0.17733333333333332,-0.4493333333333333,-15.113733333333334,-43.72866666666667,102.89613333333334
2.0,2024-05-10 14:38:45.335332608,-1.2699999999999998,-0.12,-0.41,-14.28,-68.42,125.55
2.0,2024-05-10 14:38:45.345344768,-1.27,-0.12,-0.41,-14.279999999999998,-68.42,125.55
2.0,2024-05-10 14:38:45.354833408,-1.2263793103448275,-0.1061206896551724,-0.3762931034482758,-14.28,-68.42,125.55
2.0,2024-05-10 14:38:45.365069312,-0.83,0.02,-0.07,-44.31629955947137,-58.85383259911894,167.32409691629957
2.0,2024-05-10 14:38:45.374902016,-0.83,0.02,-0.07,-47.059999999999995,-57.98,171.14
2.0,2024-05-10 14:38:45.385072128,-0.83,0.02,-0.07,-47.06,-57.98,171.14
2.0,2024-05-10 14:38:45.395324672,-0.7808108108108108,0.041081081081081085,-0.06297297297297297,-36.44738738738739,-59.173918918918915,199.78009009009008
2.0,2024-05-10 14:38:45.405148928,-0.76,0.05,-0.06,-31.86,-59.69,212.16
2.0,2024-05-10 14:38:45.415297280,-0.76,0.05,-0.06,-31.86,-59.69,212.16
2.0,2024-05-10 14:38:45.424919808,-0.7275,0.04750000000000001,-0.05125,-31.526379310344826,-59.83103448275862,212.53724137931033
2.0,2024-05-10 14:38:45.434837248,-0.5,0.030000000000000002,0.01,6.84,-76.05,255.92
2.0,2024-05-10 14:38:45.444638464,-0.5,0.03,0.01,6.84,-76.05,255.92
2.0,2024-05-10 14:38:45.454994432,-0.5,0.03,0.01,6.84,-76.05,255.92
2.0,2024-05-10 14:38:45.464953856,-0.42252173913043484,0.03704347826086957,0.0006086956521739134,9.151521739130434,-75.28443478260868,260.6252608695652
2.0,2024-05-10 14:38:45.474917888,-0.17,0.06,-0.03,23.99,-70.37,290.83
2.0,2024-05-10 14:38:45.485201920,-0.17,0.060000000000000005,-0.030000000000000002,23.99,-70.37,290.83
2.0,2024-05-10 14:38:45.495279360,-0.17,0.06,-0.03,23.99,-70.37,290.83
2.0,2024-05-10 14:38:45.505216768,-0.11738095238095239,0.02357142857142857,-0.0907142857142857,16.940833333333334,-74.49194444444444,291.2608333333333
2.0,2024-05-10 14:38:45.515505920,-0.04,-0.03,-0.18,0.92,-83.86,292.24
2.0,2024-05-10 14:38:45.524835584,-0.04,-0.03,-0.18,0.92,-83.86,292.24
2.0,2024-05-10 14:38:45.534758144,-0.04,-0.03,-0.18,0.92,-83.86,292.24
2.0,2024-05-10 14:38:45.544539392,0.2549193548387097,-0.06895161290322581,-0.14104838709677417,23.181491935483873,-119.03008064516129,315.8464112903226
2.0,2024-05-10 14:38:45.554594560,0.49,-0.1,-0.11,51.57,-163.88,345.95
2.0,2024-05-10 14:38:45.564751616,0.49,-0.1,-0.11,51.57,-163.88,345.95
2.0,2024-05-10 14:38:45.575483904,0.49,-0.1,-0.11,51.57,-163.88,345.95
2.0,2024-05-10 14:38:45.585427456,0.6576190476190477,-0.0009523809523809545,-0.2471428571428571,5.090833333333333,-125.31666666666666,350.7416666666666
2.0,2024-05-10 14:38:45.594907648,0.71,0.03,-0.29,-21.18,-103.52,353.45
2.0,2024-05-10 14:38:45.604593152,0.71,0.03,-0.29,-21.18,-103.52,353.45
2.0,2024-05-10 14:38:45.614382080,0.71,0.03,-0.29,-21.18,-103.52,353.45
2.0,2024-05-10 14:38:45.624614656,0.71,0.03,-0.29,-21.18,-103.52,353.45
2.0,2024-05-10 14:38:45.634710016,0.71,0.03,-0.29,-21.18,-103.52,353.45
2.0,2024-05-10 14:38:45.644703232,1.0655555555555556,-0.17888888888888888,-0.3611111111111111,23.659999999999997,-152.78222222222223,400.8144444444444
2.0,2024-05-10 14:38:45.654675200,1.5080459770114942,-0.36965517241379314,-0.3913793103448276,68.63689655172413,-196.82068965517243,457.276091954023
2.0,2024-05-10 14:38:45.664941824,1.5,-0.08,-0.15,-40.71,-23.62,430.18
2.0,2024-05-10 14:38:45.674887424,1.5,-0.08,-0.15,-40.71,-23.62,430.18
2.0,2024-05-10 14:38:45.685305600,1.5,-0.08,-0.15,-40.71,-23.62,430.18
2.0,2024-05-10 14:38:45.694865152,1.5,-0.08,-0.15,-40.71,-23.62,430.18
2.0,2024-05-10 14:38:45.704887552,1.5,-0.08,-0.15,-40.71,-23.62,430.18
2.0,2024-05-10 14:38:45.715051264,1.5,-0.08,-0.15,-40.71,-23.62,430.18
2.0,2024-05-10 14:38:45.725206272,1.5,-0.08,-0.15,-40.71,-23.62,430.18
2.0,2024-05-10 14:38:45.735626752,1.5,-0.08,-0.15,-40.71,-23.62,430.18
2.0,2024-05-10 14:38:45.744966912,1.5,-0.08,-0.15,-40.71,-23.62,430.18
2.0,2024-05-10 14:38:45.754538752,1.6278244274809162,-0.3796946564885496,-0.3475190839694656,-22.302748091603053,-54.75809160305343,423.66240458015267
2.0,2024-05-10 14:38:45.765063680,2.052608695652174,-0.5369565217391304,-0.4721739130434782,33.02,-151.67,382.32
2.0,2024-05-10 14:38:45.775063552,1.87,-1.03,-0.18,86.108,-42.690799999999996,291.20640000000003
2.0,2024-05-10 14:38:45.784570368,1.87,-1.03,-0.18,88.32,-38.15,287.41
2.0,2024-05-10 14:38:45.794742784,1.87,-1.03,-0.18,88.32,-38.15,287.41
2.0,2024-05-10 14:38:45.804849664,1.87,-1.03,-0.18,88.32,-38.15,287.41
2.0,2024-05-10 14:38:45.814711296,1.87,-1.03,-0.18,88.32,-38.15,287.41
2.0,2024-05-10 14:38:45.825227776,1.87,-1.03,-0.18,88.32,-38.15,287.41
2.0,2024-05-10 14:38:45.835286784,1.9085915492957746,-0.6826760563380282,-0.6881220657276995,53.96708920187793,15.395774647887325,322.47042253521124
2.0,2024-05-10 14:38:45.844835328,1.9788188976377952,-0.4558267716535433,-0.701496062992126,34.643582677165355,-2.2467322834645653,284.0597244094488
2.0,2024-05-10 14:38:45.855039488,2.03,-0.42,-0.42,34.24,-73.97,196.41
2.0,2024-05-10 14:38:45.864776960,2.03,-0.42,-0.42,34.24,-73.97,196.41
2.0,2024-05-10 14:38:45.874550784,2.03,-0.42,-0.42,34.24,-73.97,196.41
2.0,2024-05-10 14:38:45.884697600,1.9090262172284644,-0.26344569288389513,-0.4057677902621723,16.383445692883896,-22.498352059925097,170.35400749063672
2.0,2024-05-10 14:38:45.894526208,1.86,-0.2,-0.4,-0.06,24.9,146.36
2.0,2024-05-10 14:38:45.904660224,1.86,-0.2,-0.4,-0.06,24.9,146.36
2.0,2024-05-10 14:38:45.914959872,1.86,-0.2,-0.4,-0.05999999999999999,24.9,146.36
2.0,2024-05-10 14:38:45.924608768,1.7829545454545455,-0.17431818181818182,-0.23734848484848484,-5.3125,25.609015151515152,103.84079545454546
2.0,2024-05-10 14:38:45.935046912,1.77,-0.17,-0.21,-7.32,25.88,87.59
2.0,2024-05-10 14:38:45.945066752,1.77,-0.17,-0.21,-7.32,25.88,87.59
2.0,2024-05-10 14:38:45.955370240,1.7647410358565736,-0.16378486055776892,-0.21764940239043823,-7.32,25.88,87.59
2.0,2024-05-10 14:38:45.965168128,1.66,-0.04000000000000001,-0.37,-23.340000000000003,97.87052631578948,46.70157894736842
2.0,2024-05-10 14:38:45.974903552,1.66,-0.04,-0.37,-24.23,101.87,44.43
2.0,2024-05-10 14:38:45.985242880,1.66,-0.04,-0.37,-24.23,101.87,44.43
2.0,2024-05-10 14:38:45.994906880,1.6605405405405405,-0.04243243243243243,-0.3643243243243243,-24.23,101.86999999999999,44.42999999999999
2.0,2024-05-10 14:38:46.004727552,1.68,-0.13,-0.16,-0.3090438247011953,-4.9794023904382465,-21.740836653386452
2.0,2024-05-10 14:38:46.014763776,1.68,-0.13,-0.16,1.65,-13.73,-27.16
2.0,2024-05-10 14:38:46.024732928,1.68,-0.13,-0.16,1.65,-13.73,-27.16
2.0,2024-05-10 14:38:46.034734848,1.7479687499999998,-0.1390625,-0.11921875,-1.1943750000000002,-6.165312500000001,-32.344375
2.0,2024-05-10 14:38:46.045029376,1.98,-0.17,0.02,-28.69,66.96,-82.46
2.0,2024-05-10 14:38:46.054788864,1.98,-0.17,0.02,-28.69,66.96,-82.46
2.0,2024-05-10 14:38:46.064730624,1.98,-0.17,0.02,-28.69,66.96,-82.46
2.0,2024-05-10 14:38:46.074991360,1.900919540229885,-0.27873563218390807,-0.012950191570881226,-28.38206896551724,76.78321839080459,-96.16183908045976
2.0,2024-05-10 14:38:46.084728832,1.74,-0.5,-0.08,-27.28,111.94,-145.2
2.0,2024-05-10 14:38:46.094740480,1.74,-0.5,-0.08,-27.28,111.94,-145.2
2.0,2024-05-10 14:38:46.104905216,1.74,-0.5,-0.08,-27.28,111.94,-145.2
2.0,2024-05-10 14:38:46.114995712,1.8637956204379562,-0.5154744525547446,-0.08,-24.541021897810218,142.44788321167883,-157.59890510948904
2.0,2024-05-10 14:38:46.125408256,2.06,-0.54,-0.08,-20.2,190.8,-177.25
2.0,2024-05-10 14:38:46.135317504,2.06,-0.54,-0.08,-20.2,190.8,-177.25
2.0,2024-05-10 14:38:46.144873728,2.06,-0.54,-0.08,-20.2,190.8,-177.25
2.0,2024-05-10 14:38:46.154792448,1.99375,-0.66421875,-0.113125,-9.409531249999999,180.73828125,-210.96296875000002
2.0,2024-05-10 14:38:46.164707840,1.9,-0.84,-0.16,5.86,166.5,-258.67
2.0,2024-05-10 14:38:46.174588416,1.9,-0.84,-0.16,5.86,166.5,-258.67
2.0,2024-05-10 14:38:46.185032704,1.9,-0.84,-0.16,5.86,166.5,-258.67
2.0,2024-05-10 14:38:46.195173888,2.0596268656716417,-0.8122388059701493,-0.1114179104477612,41.1444776119403,175.3141791044776,-286.5422388059701
2.0,2024-05-10 14:38:46.205362944,2.13,-0.8,-0.09,56.7,179.2,-298.83
2.0,2024-05-10 14:38:46.215365376,2.13,-0.8,-0.09,56.7,179.2,-298.83
2.0,2024-05-10 14:38:46.224947968,2.13,-0.8,-0.09,56.7,179.2,-298.83
2.0,2024-05-10 14:38:46.235055104,2.0105042016806722,-0.7535294117647059,-0.143109243697479,75.82596638655463,132.27798319327732,-362.6473949579832
2.0,2024-05-10 14:38:46.244949504,1.9499999999999997,-0.73,-0.17,85.51,108.52,-394.96
2.0,2024-05-10 14:38:46.254765312,1.95,-0.73,-0.17000000000000004,85.51,108.52,-394.96
2.0,2024-05-10 14:38:46.264805120,1.9136363636363636,-0.7736363636363637,-0.09363636363636364,97.6783116883117,104.50614718614717,-404.51666666666665
2.0,2024-05-10 14:38:46.275163648,1.85,-0.85,0.04,131.59,93.32,-431.15
2.0,2024-05-10 14:38:46.284958208,1.85,-0.85,0.04,131.59,93.32,-431.15
2.0,2024-05-10 14:38:46.294777344,1.85,-0.85,0.04,131.59,93.32,-431.15
2.0,2024-05-10 14:38:46.305394176,1.7876,-0.6108,0.0244,114.96424,97.42096,-436.67975999999993
2.0,2024-05-10 14:38:46.315105792,1.73,-0.39,0.01,76.9,106.81,-449.34
2.0,2024-05-10 14:38:46.325360640,1.73,-0.39,0.01,76.9,106.81,-449.34
2.0,2024-05-10 14:38:46.335167744,1.73,-0.39,0.009999999999999998,76.9,106.81,-449.34
2.0,2024-05-10 14:38:46.344970752,1.3958227848101266,-0.4507594936708861,-0.0021518987341772153,88.09122362869198,92.38189873417721,-465.7949789029536
2.0,2024-05-10 14:38:46.354983168,1.18,-0.49,-0.01,98.82,78.55,-481.57
2.0,2024-05-10 14:38:46.364837120,1.18,-0.49,-0.01,98.82,78.55,-481.57
2.0,2024-05-10 14:38:46.374738944,1.18,-0.49,-0.01,98.82,78.55,-481.57
2.0,2024-05-10 14:38:46.385154304,1.1486446886446886,-0.2391575091575092,0.08406593406593406,113.75084249084249,56.61783882783883,-489.9835164835165
2.0,2024-05-10 14:38:46.395182080,1.14,-0.17,0.11,121.34,45.47,-494.26
2.0,2024-05-10 14:38:46.405377792,1.14,-0.17,0.11,121.34,45.47,-494.25999999999993
2.0,2024-05-10 14:38:46.415267328,0.804344262295082,-0.24672131147540985,-0.014672131147540984,64.61020491803278,119.7592213114754,-491.96442622950815
2.0,2024-05-10 14:38:46.424864768,0.79,-0.25,-0.02,55.11,132.2,-491.58
2.0,2024-05-10 14:38:46.434980352,0.79,-0.25,-0.02,55.11,132.2,-491.58
2.0,2024-05-10 14:38:46.445118464,0.720597609561753,-0.27693227091633466,-0.028286852589641438,55.11,132.2,-491.58
2.0,2024-05-10 14:38:46.455162624,0.12,-0.51,-0.1,104.18611510791368,92.92892086330934,-446.75697841726617
2.0,2024-05-10 14:38:46.465192704,0.12,-0.51,-0.1,112.92,85.94,-438.78000000000003
2.0,2024-05-10 14:38:46.474899200,0.12,-0.51,-0.1,112.92,85.94,-438.78
2.0,2024-05-10 14:38:46.485059840,0.02769230769230769,-0.49338461538461537,-0.15353846153846154,115.64334615384615,84.48607692307692,-425.2957307692308
2.0,2024-05-10 14:38:46.495293952,-0.38,-0.42,-0.39,130.19,76.72,-353.27
2.0,2024-05-10 14:38:46.505240320,-0.38,-0.42,-0.39,130.19,76.72,-353.27
2.0,2024-05-10 14:38:46.515168256,-0.4577011494252874,-0.41402298850574715,-0.3621072796934866,126.05704980842911,62.584559386973176,-346.3705747126437
2.0,2024-05-10 14:38:46.525176576,-0.77,-0.39,-0.25,99.37,-28.69,-301.82
2.0,2024-05-10 14:38:46.534903808,-0.77,-0.39,-0.25,99.37,-28.69,-301.82
2.0,2024-05-10 14:38:46.544624896,-0.77,-0.39,-0.25,99.37,-28.69,-301.82
2.0,2024-05-10 14:38:46.554587648,-0.9574409448818898,-0.49051181102362207,-0.29074803149606304,89.48791338582677,-20.617677165354333,-294.74023622047247
2.0,2024-05-10 14:38:46.564782848,-1.46,-0.76,-0.4,-48.28,91.92,-196.04
2.0,2024-05-10 14:38:46.575281664,-1.46,-0.7600000000000001,-0.4,-48.28,91.92,-196.04
2.0,2024-05-10 14:38:46.585245696,-1.46,-0.76,-0.4,-48.28,91.92,-196.04
2.0,2024-05-10 14:38:46.595021312,-1.6078571428571427,-0.8414285714285714,-0.47285714285714286,-63.62071428571429,96.17142857142858,-159.6692857142857
2.0,2024-05-10 14:38:46.604962304,-2.15,-1.14,-0.74,-119.87,111.76,-26.31
2.0,2024-05-10 14:38:46.614966784,-2.15,-1.14,-0.74,-119.87,111.76,-26.31
2.0,2024-05-10 14:38:46.625641216,-2.15,-1.14,-0.74,-119.87,111.76,-26.31
2.0,2024-05-10 14:38:46.635129344,-1.702844827586207,-0.6584482758620689,-0.43616379310344827,-72.00719827586208,5.526250000000004,43.916293103448275
2.0,2024-05-10 14:38:46.644656384,-1.37,-0.3,-0.21,-36.38,-73.55,96.19
2.0,2024-05-10 14:38:46.654846208,-1.37,-0.3,-0.21,-36.38,-73.55,96.19
2.0,2024-05-10 14:38:46.665125376,-1.37,-0.3,-0.21,-36.38,-73.55,96.19
2.0,2024-05-10 14:38:46.675265280,-0.8677566539923954,0.08406844106463877,0.12482889733840304,-6.447642585551332,-77.82380228136883,135.0084030418251
2.0,2024-05-10 14:38:46.684833280,-0.86,0.09,0.13,1.65,-78.98,145.50999999999996
2.0,2024-05-10 14:38:46.694717184,-0.86,0.09,0.13,1.65,-78.98,145.51
2.0,2024-05-10 14:38:46.705366784,-0.85375,0.0853125,0.12296875,1.65,-78.98,145.51
2.0,2024-05-10 14:38:46.715349504,-0.78,0.03,0.04,-11.768200836820084,-62.195899581589956,177.3725523012552
2.0,2024-05-10 14:38:46.725047296,-0.78,0.03,0.04,-19.04,-53.1,194.64
2.0,2024-05-10 14:38:46.735204608,-0.78,0.03,0.04,-19.04,-53.1,194.64
2.0,2024-05-10 14:38:46.745076224,-0.78,0.03,0.04,-19.04,-53.1,194.64
2.0,2024-05-10 14:38:46.754999552,-0.78,0.03,0.04,-19.04,-53.1,194.64
2.0,2024-05-10 14:38:46.765022464,-0.78,0.030000000000000002,0.04,-19.04,-53.1,194.64
2.0,2024-05-10 14:38:46.774843648,-0.7790661478599221,0.029494163424124514,0.04019455252918288,-19.007937743190663,-52.95583657587549,194.8701167315175
2.0,2024-05-10 14:38:46.785192192,-0.3927490039840638,-0.12103585657370519,-0.09932270916334661,9.177091633466135,-33.841035856573704,277.7525099601594
2.0,2024-05-10 14:38:46.795206656,-0.33,-0.13,-0.18,21.55,-44.86,292.6
2.0,2024-05-10 14:38:46.805249536,-0.33,-0.13,-0.18,21.55,-44.86,292.6
2.0,2024-05-10 14:38:46.815279616,-0.33,-0.13,-0.18,21.55,-44.86,292.6
2.0,2024-05-10 14:38:46.824877056,-0.33,-0.13,-0.18,21.55,-44.86,292.6
2.0,2024-05-10 14:38:46.835006208,-0.33,-0.13,-0.18,21.55,-44.86,292.6
2.0,2024-05-10 14:38:46.844785152,-0.33,-0.13,-0.18,21.55,-44.86,292.6
2.0,2024-05-10 14:38:46.854797312,-0.33,-0.13,-0.18,21.55,-44.86,292.6
2.0,2024-05-10 14:38:46.864814336,-0.33,-0.13,-0.18,21.55,-44.86,292.6
2.0,2024-05-10 14:38:46.875258624,-0.33,-0.13,-0.18,21.55,-44.86,292.6
2.0,2024-05-10 14:38:46.885339136,-0.33,-0.13,-0.18,21.55,-44.86,292.6
2.0,2024-05-10 14:38:46.895126528,0.47412037037037036,-0.3753240740740741,-0.18680555555555556,13.780231481481483,-75.62759259259259,427.12958333333336
2.0,2024-05-10 14:38:46.904728832,0.72,-0.45,-0.19,11.23,-84.96,468.38
2.0,2024-05-10 14:38:46.914868224,0.72,-0.45,-0.19,11.23,-84.96,468.38
2.0,2024-05-10 14:38:46.924902656,1.6255172413793104,-0.45896551724137935,-0.6024137931034483,61.01796934865901,-163.42268199233717,497.7667432950192
2.0,2024-05-10 14:38:46.934893824,1.73,-0.46,-0.65,75.56,-186.34,506.35
2.0,2024-05-10 14:38:46.944759040,1.73,-0.46,-0.65,75.56,-186.34,506.35
2.0,2024-05-10 14:38:46.954868992,1.7308,-0.4328,-0.598,75.56,-186.34,506.35
2.0,2024-05-10 14:38:46.965071872,1.74,-0.12,0.0,-26.138604651162787,-22.754883720930234,465.03372093023256
2.0,2024-05-10 14:38:46.974908416,1.74,-0.12,0.0,-28.56,-18.86,464.05
2.0,2024-05-10 14:38:46.984758272,1.74,-0.12,0.0,-28.56,-18.86,464.05
2.0,2024-05-10 14:38:46.994699008,1.6963821138211381,-0.22528455284552842,-0.06016260162601626,-30.243658536585365,-15.505365853658535,459.76000000000005
2.0,2024-05-10 14:38:47.004960000,1.45,-0.82,-0.4,-60.42,44.62,382.87
2.0,2024-05-10 14:38:47.014812160,1.45,-0.82,-0.4,-60.42,44.62,382.87
2.0,2024-05-10 14:38:47.024888320,1.5055645161290323,-0.8178629032258063,-0.38290322580645164,-60.04838709677419,39.156129032258065,387.89064516129037
2.0,2024-05-10 14:38:47.035092480,1.71,-0.81,-0.32,-56.58,-11.84,434.75
2.0,2024-05-10 14:38:47.044815872,1.71,-0.81,-0.32,-56.58,-11.84,434.75
2.0,2024-05-10 14:38:47.054815232,1.71,-0.81,-0.32,-56.58,-11.84,434.75
2.0,2024-05-10 14:38:47.064914432,1.6999122807017544,-0.8362280701754385,-0.25342105263157894,-36.547105263157896,-23.86171052631579,418.7651315789474
2.0,2024-05-10 14:38:47.074870272,1.66,-0.94,0.01,44.92,-72.75,353.76
2.0,2024-05-10 14:38:47.085127168,1.66,-0.94,0.01,44.92,-72.75,353.76
2.0,2024-05-10 14:38:47.094447872,1.66,-0.94,0.01,44.92,-72.75,353.76
2.0,2024-05-10 14:38:47.104879616,2.0142528735632186,-1.0140229885057472,-0.1539080459770115,33.68459770114943,-36.15689655172413,383.52045977011494
2.0,2024-05-10 14:38:47.115323136,2.33,-1.08,-0.3,10.01,40.95,446.23
2.0,2024-05-10 14:38:47.125393664,2.33,-1.08,-0.3,10.01,40.95,446.23
2.0,2024-05-10 14:38:47.135255040,2.33,-1.08,-0.3,10.01,40.95,446.23
2.0,2024-05-10 14:38:47.145185792,2.2558333333333334,-0.884469696969697,-0.2190909090909091,13.630681818181818,7.719962121212124,378.1011742424243
2.0,2024-05-10 14:38:47.155262464,2.11,-0.5,-0.05999999999999999,20.75,-57.62,244.14000000000001
2.0,2024-05-10 14:38:47.165048576,2.11,-0.5,-0.06,20.75,-57.62,244.14
2.0,2024-05-10 14:38:47.175085824,2.11,-0.5,-0.06,20.75,-57.62,244.14
2.0,2024-05-10 14:38:47.184984832,1.8913846153846154,-0.4687692307692308,-0.16930769230769233,6.756461538461538,20.68630769230769,206.0343076923077
2.0,2024-05-10 14:38:47.194997760,1.83,-0.46,-0.2,0.31,56.76,188.48
2.0,2024-05-10 14:38:47.204753152,1.83,-0.4600000000000001,-0.2,0.31,56.76,188.47999999999996
2.0,2024-05-10 14:38:47.214729216,1.83,-0.46,-0.2,0.31,56.76,188.48
2.0,2024-05-10 14:38:47.224900096,1.8666023166023165,-0.49660231660231663,-0.1206949806949807,-8.461389961389962,7.592934362934361,141.52548262548262
2.0,2024-05-10 14:38:47.234979072,1.89,-0.52,-0.07,-14.16,-24.35,111.02
2.0,2024-05-10 14:38:47.244671488,1.89,-0.52,-0.07,-14.16,-24.35,111.02
2.0,2024-05-10 14:38:47.255143168,1.89,-0.52,-0.07,-14.16,-24.35,111.02
2.0,2024-05-10 14:38:47.264916736,1.9954732510288065,-0.24193415637860083,-0.002880658436213992,-29.40423868312757,48.81728395061729,81.61979423868313
2.0,2024-05-10 14:38:47.274883072,2.0,-0.23,0.0,-32.23,62.38,76.17
2.0,2024-05-10 14:38:47.285289984,2.0,-0.23,0.0,-32.23,62.38,76.17
2.0,2024-05-10 14:38:47.295111168,1.9728682170542635,-0.24899224806201553,-0.006782945736434108,-30.624651162790695,58.78182170542636,69.01042635658914
2.0,2024-05-10 14:38:47.305120000,1.8,-0.37,-0.05,-0.37,-9.03,-65.92
2.0,2024-05-10 14:38:47.314755328,1.8,-0.37,-0.05,-0.37,-9.03,-65.92
2.0,2024-05-10 14:38:47.324549120,1.8,-0.37,-0.05,-0.37,-9.03,-65.92
2.0,2024-05-10 14:38:47.334764032,1.7958823529411765,-0.39676470588235296,-0.012941176470588237,0.5956617647058824,-6.686875,-73.19205882352942
2.0,2024-05-10 14:38:47.344803584,1.78,-0.5,0.13,11.050000000000002,18.68,-151.92
2.0,2024-05-10 14:38:47.354824704,1.78,-0.5,0.13,11.05,18.68,-151.92
2.0,2024-05-10 14:38:47.364854784,1.78,-0.5,0.13,11.05,18.68,-151.92
2.0,2024-05-10 14:38:47.374993664,1.7629249011857706,-0.5853754940711462,0.06169960474308301,6.7675494071146245,35.70596837944664,-159.199604743083
2.0,2024-05-10 14:38:47.385303552,1.74,-0.7,-0.03,-4.21,79.35,-177.86
2.0,2024-05-10 14:38:47.395259392,1.74,-0.7,-0.03,-4.21,79.35,-177.86
2.0,2024-05-10 14:38:47.405202944,1.74,-0.7,-0.03,-4.21,79.35,-177.86
2.0,2024-05-10 14:38:47.415084800,1.7746715328467153,-0.6930656934306569,-0.023065693430656932,-3.513102189781022,77.82445255474451,-204.439197080292
2.0,2024-05-10 14:38:47.425317120,1.84,-0.68,-0.01,-2.2,74.95,-254.52
2.0,2024-05-10 14:38:47.435085824,1.84,-0.68,-0.01,-2.2,74.95,-254.52
2.0,2024-05-10 14:38:47.444866816,1.84,-0.68,-0.01,-2.2,74.95,-254.51999999999998
2.0,2024-05-10 14:38:47.455075328,1.8631428571428572,-0.8805714285714284,0.03628571428571429,6.700571428571429,71.66885714285715,-269.6717142857143
2.0,2024-05-10 14:38:47.465099264,1.87,-0.94,0.05,26.12,64.51,-302.73
2.0,2024-05-10 14:38:47.475050240,1.87,-0.94,0.05,26.12,64.51,-302.73
2.0,2024-05-10 14:38:47.485303296,1.87,-0.94,0.05,26.12,64.51,-302.73
2.0,2024-05-10 14:38:47.494794496,1.881,-0.9159999999999999,0.04000000000000001,27.323,67.135,-305.141
2.0,2024-05-10 14:38:47.504557056,1.98,-0.7,-0.05,38.15,90.76,-326.84
2.0,2024-05-10 14:38:47.514580992,1.9799999999999998,-0.7,-0.05,38.15,90.76,-326.84
2.0,2024-05-10 14:38:47.524625408,1.9791954022988507,-0.7064367816091954,-0.048122605363984675,38.15,90.76,-326.84
2.0,2024-05-10 14:38:47.535270656,1.95,-0.94,0.02,48.87766283524904,100.27141762452108,-364.3630651340996
2.0,2024-05-10 14:38:47.545314048,1.95,-0.94,0.02,49.44,100.77,-366.33
2.0,2024-05-10 14:38:47.555154176,1.95,-0.94,0.02,49.44,100.77,-366.33
2.0,2024-05-10 14:38:47.565057024,1.920731707317073,-0.8717073170731707,0.01024390243902439,49.44,100.77,-366.33
2.0,2024-05-10 14:38:47.574886656,1.8,-0.59,-0.03,65.49015151515151,112.5623484848485,-369.8618181818182
2.0,2024-05-10 14:38:47.585194752,1.8,-0.59,-0.03,65.8,112.79,-369.93
2.0,2024-05-10 14:38:47.595183872,1.8,-0.59,-0.03,65.8,112.79,-369.93
2.0,2024-05-10 14:38:47.604444416,1.8,-0.59,-0.03,65.8,112.79,-369.93
2.0,2024-05-10 14:38:47.614747136,1.8,-0.5750909090909091,0.21599999999999997,73.71672727272727,128.12400000000002,-403.55745454545456
2.0,2024-05-10 14:38:47.624679168,1.8,-0.57,0.3,76.42,133.36,-415.04
2.0,2024-05-10 14:38:47.634498304,1.8,-0.57,0.3,76.42,133.36,-415.04
2.0,2024-05-10 14:38:47.641471744,1.8,-0.57,0.3,76.42,133.36,-415.04
,,,,,,,
2.0,2024-05-10 14:38:47.668655616,1.14,-0.66,0.05000000000000001,123.54377358490565,212.1056603773585,-388.6279245283019
2.0,2024-05-10 14:38:47.674663168,1.14,-0.66,0.05,124.45,213.62,-388.12
2.0,2024-05-10 14:38:47.684677888,1.0596484375,-0.5134765625,0.097265625,136.17203125,194.116484375,-397.969375
2.0,2024-05-10 14:38:47.694731520,0.97,-0.35,0.15,153.87,164.67,-412.84
2.0,2024-05-10 14:38:47.705232128,0.97,-0.35,0.15,153.87,164.67,-412.84
2.0,2024-05-10 14:38:47.715213824,0.97,-0.35,0.15,153.87,164.67,-412.84
2.0,2024-05-10 14:38:47.725033984,0.6553435114503816,-0.5772519083969466,0.20244274809160304,178.14854961832063,189.23381679389314,-393.8735877862596
2.0,2024-05-10 14:38:47.735356672,0.61,-0.61,0.21,185.36,196.53,-388.24
2.0,2024-05-10 14:38:47.744993024,0.61,-0.61,0.21,185.36,196.53,-388.24
2.0,2024-05-10 14:38:47.755340288,0.6027737226277372,-0.6056204379562043,0.20474452554744527,185.36,196.53,-388.24
2.0,2024-05-10 14:38:47.765189888,0.28,-0.41,-0.03,190.85309623430962,235.21774058577404,-347.45489539748957
2.0,2024-05-10 14:38:47.774946560,0.28,-0.41,-0.03,191.41,239.14,-343.32
2.0,2024-05-10 14:38:47.784900864,0.28,-0.41,-0.03,191.41,239.14,-343.32
2.0,2024-05-10 14:38:47.795176704,0.2135114503816794,-0.39977099236641217,-0.03511450381679389,191.41,239.14,-343.32
2.0,2024-05-10 14:38:47.805480192,0.02,-0.37,-0.05,230.77007812500003,192.56671874999998,-345.016640625
2.0,2024-05-10 14:38:47.815059968,0.02,-0.37,-0.05,231.08,192.2,-345.03
2.0,2024-05-10 14:38:47.824789248,0.02,-0.37,-0.05,231.08,192.2,-345.03
2.0,2024-05-10 14:38:47.834790656,-0.2059607843137255,-0.3227843137254902,-0.35352941176470587,220.38117647058826,191.87058823529412,-334.5476470588235
2.0,2024-05-10 14:38:47.844947712,-0.65,-0.23,-0.95,185.61,190.8,-300.48
2.0,2024-05-10 14:38:47.854869248,-0.65,-0.23,-0.95,185.61,190.8,-300.48
2.0,2024-05-10 14:38:47.865242624,-0.65,-0.23000000000000004,-0.95,185.61,190.8,-300.48
2.0,2024-05-10 14:38:47.875056640,-0.9406666666666667,-0.37533333333333335,-1.1783809523809523,145.29238095238097,137.91,-244.38752380952383
2.0,2024-05-10 14:38:47.885134592,-1.21,-0.51,-1.39,87.16,61.65,-163.51
2.0,2024-05-10 14:38:47.895110144,-1.21,-0.51,-1.39,87.16,61.65,-163.51
2.0,2024-05-10 14:38:47.905439232,-1.21,-0.51,-1.39,87.16,61.65,-163.51
2.0,2024-05-10 14:38:47.915015680,-1.3323999999999998,-0.9451999999999999,-2.1652,24.630844444444442,2.1519111111111116,-88.37679999999999
2.0,2024-05-10 14:38:47.924561152,-1.39,-1.15,-2.53,-23.62,-43.76,-30.4
2.0,2024-05-10 14:38:47.934918400,-1.39,-1.15,-2.53,-23.62,-43.76,-30.4
2.0,2024-05-10 14:38:47.944882688,-1.39,-1.15,-2.53,-23.62,-43.76,-30.4
2.0,2024-05-10 14:38:47.954874112,-0.9916129032258064,0.06048387096774195,-1.0820161290322579,-54.66443548387096,-44.917419354838714,37.565
2.0,2024-05-10 14:38:47.965019904,-0.87,0.43,-0.64,-79.41,-45.84,91.74
2.0,2024-05-10 14:38:47.975107072,-0.87,0.43,-0.64,-79.41,-45.84,91.74
2.0,2024-05-10 14:38:47.985244928,-0.87,0.43,-0.64,-79.41,-45.84,91.74
2.0,2024-05-10 14:38:47.995135488,-0.45488372093023255,0.7436434108527132,0.02418604651162791,-61.434108527131784,-54.17368217054264,50.80763565891473
2.0,2024-05-10 14:38:48.004951552,-0.42,0.77,0.08,-57.43,-56.03,41.69
2.0,2024-05-10 14:38:48.014845952,-0.42,0.77,0.08,-57.43,-56.03,41.69
2.0,2024-05-10 14:38:48.024748288,-0.4671491228070175,0.7425877192982456,0.014210526315789472,-57.42999999999999,-56.03,41.69
2.0,2024-05-10 14:38:48.035035904,-0.85,0.52,-0.52,-62.391245421245415,-4.360659340659341,28.916117216117215
2.0,2024-05-10 14:38:48.045384960,-0.85,0.52,-0.52,-63.04999999999999,2.5,27.22
2.0,2024-05-10 14:38:48.055227136,-0.85,0.52,-0.52,-63.05,2.5,27.22
2.0,2024-05-10 14:38:48.065259776,-0.8581226053639847,0.45298850574712646,-0.5890421455938698,-62.11992337164751,-8.198275862068966,31.885708812260535
2.0,2024-05-10 14:38:48.075600128,-0.89,0.19,-0.86,-53.34,-109.19,75.93
2.0,2024-05-10 14:38:48.084804864,-0.89,0.19,-0.86,-53.34,-109.19,75.93
2.0,2024-05-10 14:38:48.094741760,-0.89,0.19,-0.86,-53.34,-109.19,75.93
2.0,2024-05-10 14:38:48.104880896,-0.7978861788617886,0.1523170731707317,-0.7427642276422765,-55.92178861788618,-114.1849593495935,91.63634146341464
2.0,2024-05-10 14:38:48.114591488,-0.67,0.1,-0.58,-62.68,-127.26,132.75
2.0,2024-05-10 14:38:48.125007360,-0.67,0.1,-0.58,-62.68,-127.26,132.75
2.0,2024-05-10 14:38:48.134981376,-0.6700000000000002,0.1,-0.5799999999999998,-62.68,-127.26000000000002,132.75
2.0,2024-05-10 14:38:48.144995328,-0.6297142857142857,-0.020857142857142855,-0.49942857142857144,-75.00571428571428,-124.83257142857144,158.9922857142857
2.0,2024-05-10 14:38:48.154910976,-0.6,-0.11,-0.44,-98.63,-120.18,209.29
2.0,2024-05-10 14:38:48.164993536,-0.6,-0.11,-0.44,-98.63,-120.18,209.29
2.0,2024-05-10 14:38:48.175446528,-0.6,-0.11,-0.44,-98.63,-120.18,209.29
2.0,2024-05-10 14:38:48.184998912,-0.39819819819819824,-0.22531531531531532,-0.4183783783783784,-90.89418918918918,-181.48810810810812,240.76824324324326
2.0,2024-05-10 14:38:48.194736128,-0.32,-0.27,-0.41,-82.58,-247.38,274.6
2.0,2024-05-10 14:38:48.204893184,-0.32,-0.27,-0.41,-82.58,-247.38,274.6
2.0,2024-05-10 14:38:48.214947328,-0.32,-0.27,-0.41,-82.58,-247.38,274.6
2.0,2024-05-10 14:38:48.224843008,0.15135135135135133,-0.4635907335907336,-0.022818532818532813,-73.7137837837838,-233.0772972972973,333.657027027027
2.0,2024-05-10 14:38:48.234950144,0.24,-0.5,0.05,-70.43,-227.78,355.53
2.0,2024-05-10 14:38:48.245088000,0.24,-0.5,0.05,-70.43,-227.78,355.53
2.0,2024-05-10 14:38:48.255049984,0.24,-0.5,0.05,-70.43,-227.78,355.53
2.0,2024-05-10 14:38:48.265013760,0.45041095890410954,-0.5701369863013698,-0.23054794520547947,-56.8772602739726,-206.07469178082192,405.1938698630137
2.0,2024-05-10 14:38:48.275112704,0.48,-0.58,-0.27,-53.59,-200.81,417.24
2.0,2024-05-10 14:38:48.284667648,0.48,-0.58,-0.27,-53.59,-200.81,417.24
2.0,2024-05-10 14:38:48.294235904,0.510188679245283,-0.5880188679245283,-0.2577358490566038,-53.589999999999996,-200.81,417.24
